trajectory_id,model,policy,model_run_id,data_file,data_path,num_samples,task_success,task_completion,task_completion_time_s,executed_steps,final_goal_error,initial_goal_error,min_distance_to_obstacle_surface,control_hz,target_control_dt_s,measured_hz,measured_loop_dt_mean_s,measured_loop_dt_p95_s,inference_dt_mean_s,inference_dt_p95_s,control_overrun_ratio,start_xyz,goal_xyz,obstacle_xyz,obstacle_radius,goal_tolerance,reached_goal,timed_out,max_steps,ckpt,action_select,elapsed_time_s,model_type,num_candidates,safety_margin,safety_shield
0,diffusion,diffusion,0,p2p_diffusion_data_000.npz,logs/p2p_rollout_50/npz/p2p_diffusion_data_000.npz,25348,True,1.0,316.1875,25295,0.0003960772883147001,0.3825845420360565,0.026084285229444504,80.0,0.0125,80.05701067847507,0.012491098425048613,0.012519452778516071,0.15377685203602548,0.15980764229869676,0.5119324221140436,"[0.1820523589849472, 0.1537894308567047, 0.05107047036290169]","[0.564262330532074, 0.1369393765926361, 0.0494745709002018]","[0.36915871500968933, 0.16817866265773773, 0.05055443197488785]",0.06,0.01,True,False,30000,/home/peiqi/projects-2026/Diffusion_Koopman_AVs/results/p2pobstacle_diffusion_v1/diffusion_ckpt_best.pt,,316.69979318423515,,,,
1,diffusion,diffusion,1,p2p_diffusion_data_001.npz,logs/p2p_rollout_50/npz/p2p_diffusion_data_001.npz,25299,True,1.0,315.7625,25261,0.004925247747451067,0.36265137791633606,0.04454353079199791,80.0,0.0125,80.02650349925457,0.012495860199731389,0.012532200644954068,0.15346255091080352,0.1584902035075302,0.5231094242047988,"[0.18252135813236237, 0.1283741295337677, 0.052228156477212906]","[0.5440770387649536, 0.15624040365219116, 0.04810759425163269]","[0.3748484253883362, 0.13968902826309204, 0.04832153022289276]",0.06,0.01,True,False,30000,/home/peiqi/projects-2026/Diffusion_Koopman_AVs/results/p2pobstacle_diffusion_v1/diffusion_ckpt_best.pt,,316.03833759219685,,,,
2,diffusion,diffusion,2,p2p_diffusion_data_002.npz,logs/p2p_rollout_50/npz/p2p_diffusion_data_002.npz,25546,True,1.0,319.025,25522,0.003934310283511877,0.36560550332069397,0.041994739323854446,80.0,0.0125,80.00194163093498,0.012499696627529377,0.012528539760073811,0.147049198386516,0.15553084830281802,0.5060420680269425,"[0.19120603799819946, 0.15497416257858276, 0.04953441768884659]","[0.5566348433494568, 0.1661708503961563, 0.051483362913131714]","[0.36431941390037537, 0.16660237312316895, 0.05003872141242027]",0.06,0.01,True,False,30000,/home/peiqi/projects-2026/Diffusion_Koopman_AVs/results/p2pobstacle_diffusion_v1/diffusion_ckpt_best.pt,,319.3592330708325,,,,
3,diffusion,diffusion,3,p2p_diffusion_data_003.npz,logs/p2p_rollout_50/npz/p2p_diffusion_data_003.npz,25155,True,1.0,313.8875,25111,0.00221755588427186,0.3733537495136261,0.06121942028403282,80.0,0.0125,80.0083438028263,0.012498696416768908,0.012523250187699864,0.15454572986175139,0.16284050295753802,0.5255354351648202,"[0.17661921679973602, 0.15669430792331696, 0.04892927408218384]","[0.5499126315116882, 0.15005405247211456, 0.049916718155145645]","[0.3567347824573517, 0.1664472371339798, 0.04991534724831581]",0.06,0.01,True,False,30000,/home/peiqi/projects-2026/Diffusion_Koopman_AVs/results/p2pobstacle_diffusion_v1/diffusion_ckpt_best.pt,,314.31664199463665,,,,
4,diffusion,diffusion,4,p2p_diffusion_data_004.npz,logs/p2p_rollout_50/npz/p2p_diffusion_data_004.npz,25027,True,1.0,312.2375,24979,0.0012297125067561865,0.3807276785373688,0.04109269008040428,80.0,0.0125,79.95127847794967,0.01250761737694785,0.012532924880718159,0.1482469508583751,0.15488538408873825,0.5073660408083251,"[0.18332937359809875, 0.1487613171339035, 0.04914507269859314]","[0.5639406442642212, 0.139458566904068, 0.050585679709911346]","[0.3579499423503876, 0.15119850635528564, 0.051172949373722076]",0.06,0.01,True,False,30000,/home/peiqi/projects-2026/Diffusion_Koopman_AVs/results/p2pobstacle_diffusion_v1/diffusion_ckpt_best.pt,,312.65057780680775,,,,
5,diffusion,diffusion,5,p2p_diffusion_data_005.npz,logs/p2p_rollout_50/npz/p2p_diffusion_data_005.npz,25149,True,1.0,314.0375,25123,0.0023928447626531124,0.3714786469936371,0.032805707305669785,80.0,0.0125,80.01290898845778,0.012497983295973583,0.012527705738337952,0.1508551025160171,0.15713524828232975,0.5173082539138678,"[0.17742820084095, 0.1545730084180832, 0.050590887665748596]","[0.5488684773445129, 0.14923499524593353, 0.050464458763599396]","[0.35765889286994934, 0.13588736951351166, 0.048466991633176804]",0.06,0.01,True,False,30000,/home/peiqi/projects-2026/Diffusion_Koopman_AVs/results/p2pobstacle_diffusion_v1/diffusion_ckpt_best.pt,,314.53626985882516,,,,
6,diffusion,diffusion,6,p2p_diffusion_data_006.npz,logs/p2p_rollout_50/npz/p2p_diffusion_data_006.npz,25140,True,1.0,313.7875,25103,0.0046849800273776054,0.3616582751274109,0.04804317280650139,80.0,0.0125,80.02144976036158,0.012496649373320245,0.012523039415815632,0.15613255989462255,0.1624482982986379,0.4926988695313442,"[0.18515484035015106, 0.13278880715370178, 0.0485365055501461]","[0.5465179085731506, 0.14727425575256348, 0.05043761432170868]","[0.3626357316970825, 0.14029791951179504, 0.04984506592154503]",0.06,0.01,True,False,30000,/home/peiqi/projects-2026/Diffusion_Koopman_AVs/results/p2pobstacle_diffusion_v1/diffusion_ckpt_best.pt,,314.2010363934303,,,,
7,diffusion,diffusion,7,p2p_diffusion_data_007.npz,logs/p2p_rollout_50/npz/p2p_diffusion_data_007.npz,24962,True,1.0,311.7625,24941,0.003004777245223522,0.37849974632263184,0.0481686033308506,80.0,0.0125,79.97325040972339,0.012504181021488368,0.012523824532518813,0.15223510052892053,0.15965488115333532,0.4706314124840689,"[0.18183065950870514, 0.15785916149616241, 0.04981410130858421]","[0.560324490070343, 0.15991799533367157, 0.04932546988129616]","[0.35511940717697144, 0.15994012355804443, 0.0500066913664341]",0.06,0.01,True,False,30000,/home/peiqi/projects-2026/Diffusion_Koopman_AVs/results/p2pobstacle_diffusion_v1/diffusion_ckpt_best.pt,,312.01516049597694,,,,
8,diffusion,diffusion,8,p2p_diffusion_data_008.npz,logs/p2p_rollout_50/npz/p2p_diffusion_data_008.npz,25284,True,1.0,315.5125,25241,0.00513186352327466,0.3384397327899933,0.05701706185936928,80.0,0.0125,79.9886766712427,0.012501769520579119,0.012522833543265515,0.15113396313486108,0.16052737343998028,0.44645830422994315,"[0.19652071595191956, 0.16164393723011017, 0.047747693955898285]","[0.5348145365715027, 0.1518968641757965, 0.0496809296309948]","[0.3617038130760193, 0.1482851356267929, 0.04990187659859657]",0.06,0.01,True,False,30000,/home/peiqi/projects-2026/Diffusion_Koopman_AVs/results/p2pobstacle_diffusion_v1/diffusion_ckpt_best.pt,,315.9729055564695,,,,
9,diffusion,diffusion,9,p2p_diffusion_data_009.npz,logs/p2p_rollout_50/npz/p2p_diffusion_data_009.npz,25122,True,1.0,313.4125,25073,0.0032825993839651346,0.3807045519351959,0.059902969747781754,80.0,0.0125,79.99871137565403,0.012500201350797378,0.012536586526765921,0.14943273839052365,0.1567434207441637,0.5495264831439624,"[0.17747026681900024, 0.1564125269651413, 0.050387803465127945]","[0.5572836399078369, 0.13038328289985657, 0.04988842457532883]","[0.35954999923706055, 0.15526050329208374, 0.049172542989254]",0.06,0.01,True,False,30000,/home/peiqi/projects-2026/Diffusion_Koopman_AVs/results/p2pobstacle_diffusion_v1/diffusion_ckpt_best.pt,,313.8225498128993,,,,
10,diffusion,diffusion,10,p2p_diffusion_data_010.npz,logs/p2p_rollout_50/npz/p2p_diffusion_data_010.npz,24589,True,1.0,306.9375,24555,0.005148429423570633,0.357932984828949,0.034785497933626175,80.0,0.0125,80.0232551955665,0.012496367431643828,0.012515584970380588,0.14917054824496245,0.15643869605009883,0.4690098365162474,"[0.18340271711349487, 0.1427302062511444, 0.04699999839067459]","[0.5412091016769409, 0.1340326964855194, 0.0508665069937706]","[0.3569299876689911, 0.16737598180770874, 0.051165852695703506]",0.06,0.01,True,False,30000,/home/peiqi/projects-2026/Diffusion_Koopman_AVs/results/p2pobstacle_diffusion_v1/diffusion_ckpt_best.pt,,307.4357375002128,,,,
11,diffusion,diffusion,11,p2p_diffusion_data_011.npz,logs/p2p_rollout_50/npz/p2p_diffusion_data_011.npz,25317,True,1.0,315.8375,25267,0.0033161237370222807,0.3775273859500885,0.06807665526866913,80.0,0.0125,80.01996088083513,0.012496881890372194,0.012520650020261112,0.15161773874973816,0.15657249964708228,0.5088792054661172,"[0.17756469547748566, 0.15275397896766663, 0.04961910843849182]","[0.5538581609725952, 0.12225832045078278, 0.05001583322882652]","[0.3425499498844147, 0.1625005006790161, 0.05042167752981186]",0.06,0.01,True,False,30000,/home/peiqi/projects-2026/Diffusion_Koopman_AVs/results/p2pobstacle_diffusion_v1/diffusion_ckpt_best.pt,,316.32620453977006,,,,
12,diffusion,diffusion,12,p2p_diffusion_data_012.npz,logs/p2p_rollout_50/npz/p2p_diffusion_data_012.npz,24837,True,1.0,309.9125,24793,0.0011559233535081148,0.37241190671920776,0.07249411940574646,80.0,0.0125,80.00253566408581,0.012499603815043992,0.012526490881750972,0.1557924968450061,0.16462915924187857,0.5330690084512952,"[0.18650205433368683, 0.15506385266780853, 0.05097808688879013]","[0.5588182806968689, 0.16349081695079803, 0.05048738047480583]","[0.3580179512500763, 0.13388343155384064, 0.04928864911198616]",0.06,0.01,True,False,30000,/home/peiqi/projects-2026/Diffusion_Koopman_AVs/results/p2pobstacle_diffusion_v1/diffusion_ckpt_best.pt,,310.25283817309713,,,,
13,diffusion,diffusion,13,p2p_diffusion_data_013.npz,logs/p2p_rollout_50/npz/p2p_diffusion_data_013.npz,25096,True,1.0,313.275,25062,0.0029866404365748167,0.369547039270401,0.046582337468862534,80.0,0.0125,80.02974371680752,0.012495354271514231,0.012528869518700405,0.14842254798036575,0.15609638962373323,0.4679243091123031,"[0.18213355541229248, 0.16082419455051422, 0.04823523014783859]","[0.5515842437744141, 0.15242448449134827, 0.04904060810804367]","[0.36009377241134644, 0.15509508550167084, 0.048971641808748245]",0.06,0.01,True,False,30000,/home/peiqi/projects-2026/Diffusion_Koopman_AVs/results/p2pobstacle_diffusion_v1/diffusion_ckpt_best.pt,,313.79611195061005,,,,
14,diffusion,diffusion,14,p2p_diffusion_data_014.npz,logs/p2p_rollout_50/npz/p2p_diffusion_data_014.npz,25278,True,1.0,315.4375,25235,0.0034041774924844503,0.36676475405693054,0.03335218504071236,80.0,0.0125,80.01528268193422,0.012497612537033242,0.012527305737816206,0.1556013620008586,0.16373225034857397,0.4814282071270347,"[0.1781121790409088, 0.12378576397895813, 0.04959004372358322]","[0.5434696078300476, 0.1558758020401001, 0.050349414348602295]","[0.364149808883667, 0.15508052706718445, 0.05089759826660156]",0.06,0.01,True,False,30000,/home/peiqi/projects-2026/Diffusion_Koopman_AVs/results/p2pobstacle_diffusion_v1/diffusion_ckpt_best.pt,,315.9425074541645,,,,
15,diffusion,diffusion,15,p2p_diffusion_data_015.npz,logs/p2p_rollout_50/npz/p2p_diffusion_data_015.npz,25072,True,1.0,312.9,25032,0.004085661377757788,0.3854134976863861,0.050275202840566635,80.0,0.0125,80.00684829323399,0.012498930045774194,0.0125276616006409,0.14814682008716265,0.15649007604568188,0.5428635655157514,"[0.17669659852981567, 0.14748066663742065, 0.04859915375709534]","[0.5620648264884949, 0.15325039625167847, 0.04732930287718773]","[0.3556133508682251, 0.1528586745262146, 0.04952172935009003]",0.06,0.01,True,False,30000,/home/peiqi/projects-2026/Diffusion_Koopman_AVs/results/p2pobstacle_diffusion_v1/diffusion_ckpt_best.pt,,313.2576313971056,,,,
16,diffusion,diffusion,16,p2p_diffusion_data_016.npz,logs/p2p_rollout_50/npz/p2p_diffusion_data_016.npz,25149,True,1.0,314.1125,25129,0.0013586756540462375,0.377555251121521,0.0524107851088047,80.0,0.0125,79.97493924941402,0.012503916969306444,0.012524009833308028,0.15150755634081697,0.15910662392177147,0.5394233745223809,"[0.18536779284477234, 0.15034136176109314, 0.051176030188798904]","[0.5629096627235413, 0.15337641537189484, 0.05023189261555672]","[0.3639554977416992, 0.14755843579769135, 0.05099776014685631]",0.06,0.01,True,False,30000,/home/peiqi/projects-2026/Diffusion_Koopman_AVs/results/p2pobstacle_diffusion_v1/diffusion_ckpt_best.pt,,314.45020046736903,,,,
17,diffusion,diffusion,17,p2p_diffusion_data_017.npz,logs/p2p_rollout_50/npz/p2p_diffusion_data_017.npz,25386,True,1.0,316.9,25352,0.002200718969106674,0.3802533447742462,0.03824148699641228,80.0,0.0125,80.00660737138666,0.012498967683482068,0.012534129187133494,0.15923934090920897,0.1655060870688613,0.5325173476122866,"[0.17105677723884583, 0.16728617250919342, 0.05125788226723671]","[0.5500156283378601, 0.13593678176403046, 0.05129644274711609]","[0.35546591877937317, 0.1414026916027069, 0.04940749704837799]",0.06,0.01,True,False,30000,/home/peiqi/projects-2026/Diffusion_Koopman_AVs/results/p2pobstacle_diffusion_v1/diffusion_ckpt_best.pt,,317.3910405551055,,,,
18,diffusion,diffusion,18,p2p_diffusion_data_018.npz,logs/p2p_rollout_50/npz/p2p_diffusion_data_018.npz,25720,True,1.0,321.25,25700,0.002842047717422247,0.37034663558006287,0.03745528683066368,80.0,0.0125,80.01414809931461,0.012497789750367484,0.012535143998696666,0.15324347626113718,0.16275886891085165,0.4951312493902141,"[0.1824997067451477, 0.14606201648712158, 0.049444083124399185]","[0.5525212287902832, 0.13064223527908325, 0.04772811010479927]","[0.3677063286304474, 0.1494438648223877, 0.048794638365507126]",0.06,0.01,True,False,30000,/home/peiqi/projects-2026/Diffusion_Koopman_AVs/results/p2pobstacle_diffusion_v1/diffusion_ckpt_best.pt,,321.51461040759875,,,,
19,diffusion,diffusion,19,p2p_diffusion_data_019.npz,logs/p2p_rollout_50/npz/p2p_diffusion_data_019.npz,25195,True,1.0,314.65,25172,0.003936368972063065,0.4018682837486267,0.04600890353322029,80.0,0.0125,79.97816542889424,0.01250341258313889,0.012534750483020453,0.15404504902902588,0.16259422370937965,0.47156306645128915,"[0.17159052193164825, 0.16750311851501465, 0.0484141930937767]","[0.5728657245635986, 0.14591947197914124, 0.051650501787662506]","[0.36545172333717346, 0.15445497632026672, 0.04975428432226181]",0.06,0.01,True,False,30000,/home/peiqi/projects-2026/Diffusion_Koopman_AVs/results/p2pobstacle_diffusion_v1/diffusion_ckpt_best.pt,,315.159633113353,,,,
20,diffusion,diffusion,20,p2p_diffusion_data_020.npz,logs/p2p_rollout_50/npz/p2p_diffusion_data_020.npz,25028,True,1.0,312.25,24980,0.002981273690238595,0.36302560567855835,0.04441462829709053,80.0,0.0125,80.0428528821125,0.012493307821908908,0.012526373051038011,0.15199027656831726,0.15555607114488168,0.46982470485584227,"[0.1812867373228073, 0.1475265622138977, 0.04919455945491791]","[0.5443027019500732, 0.14785628020763397, 0.05182034149765968]","[0.35692644119262695, 0.1516851782798767, 0.05097027122974396]",0.06,0.01,True,False,30000,/home/peiqi/projects-2026/Diffusion_Koopman_AVs/results/p2pobstacle_diffusion_v1/diffusion_ckpt_best.pt,,312.55749004735253,,,,
21,diffusion,diffusion,21,p2p_diffusion_data_021.npz,logs/p2p_rollout_50/npz/p2p_diffusion_data_021.npz,25231,True,1.0,314.975,25198,0.001483442261815071,0.3809390366077423,0.04405277594923973,80.0,0.0125,79.96822640760492,0.01250496659639435,0.012516845248281686,0.14865878251052625,0.15792061403954005,0.48775870498792206,"[0.1838127076625824, 0.1627894937992096, 0.05121077597141266]","[0.5642092227935791, 0.14271216094493866, 0.048060234636068344]","[0.35692015290260315, 0.15001223981380463, 0.050135333091020584]",0.06,0.01,True,False,30000,/home/peiqi/projects-2026/Diffusion_Koopman_AVs/results/p2pobstacle_diffusion_v1/diffusion_ckpt_best.pt,,315.51558624646196,,,,
22,diffusion,diffusion,22,p2p_diffusion_data_022.npz,logs/p2p_rollout_50/npz/p2p_diffusion_data_022.npz,25734,True,1.0,321.425,25714,0.0031999375205487013,0.38257524371147156,0.035822588950395584,80.0,0.0125,79.96131399489062,0.012506047612773075,0.01252386996487613,0.15774594522332888,0.16501588835978218,0.5310971949391902,"[0.17403875291347504, 0.1329531967639923, 0.05188531056046486]","[0.5565173029899597, 0.14155055582523346, 0.051588963717222214]","[0.37021392583847046, 0.1502581089735031, 0.04998306185007095]",0.06,0.01,True,False,30000,/home/peiqi/projects-2026/Diffusion_Koopman_AVs/results/p2pobstacle_diffusion_v1/diffusion_ckpt_best.pt,,321.93695549253385,,,,
23,diffusion,diffusion,23,p2p_diffusion_data_023.npz,logs/p2p_rollout_50/npz/p2p_diffusion_data_023.npz,25600,True,1.0,319.4375,25555,0.005814240779727697,0.3616841733455658,0.07537724077701569,80.0,0.0125,79.9809221954096,0.01250298161800132,0.012524213671877577,0.1478341754460219,0.15787861190141483,0.5159674224820437,"[0.1789187639951706, 0.14089863002300262, 0.051119353622198105]","[0.5403605699539185, 0.1277337223291397, 0.04971626400947571]","[0.3477615416049957, 0.16273431479930878, 0.04947127774357796]",0.06,0.01,True,False,30000,/home/peiqi/projects-2026/Diffusion_Koopman_AVs/results/p2pobstacle_diffusion_v1/diffusion_ckpt_best.pt,,319.833071778815,,,,
24,diffusion,diffusion,24,p2p_diffusion_data_024.npz,logs/p2p_rollout_50/npz/p2p_diffusion_data_024.npz,25275,True,1.0,315.6625,25253,0.0010955303441733122,0.3646649420261383,0.04215366765856743,80.0,0.0125,79.9769144304416,0.012503608161449277,0.012536688604182672,0.14935986354681716,0.15464846964903642,0.4772904341323151,"[0.18415787816047668, 0.16660922765731812, 0.04765810817480087]","[0.5484623312950134, 0.15041181445121765, 0.04699999839067459]","[0.34918928146362305, 0.16419824957847595, 0.04894108697772026]",0.06,0.01,True,False,30000,/home/peiqi/projects-2026/Diffusion_Koopman_AVs/results/p2pobstacle_diffusion_v1/diffusion_ckpt_best.pt,,316.1536231345199,,,,
25,diffusion,diffusion,25,p2p_diffusion_data_025.npz,logs/p2p_rollout_50/npz/p2p_diffusion_data_025.npz,25668,True,1.0,320.4875,25639,0.0012480212608352304,0.38301047682762146,0.026814673095941544,80.0,0.0125,80.03929215672271,0.012493863614409881,0.012527604434651032,0.1492933759969686,0.15574048425322184,0.490486761396194,"[0.17473195493221283, 0.16140207648277283, 0.04775650426745415]","[0.5573707818984985, 0.1449126899242401, 0.051313407719135284]","[0.38087666034698486, 0.13147969543933868, 0.05092646926641464]",0.06,0.01,True,False,30000,/home/peiqi/projects-2026/Diffusion_Koopman_AVs/results/p2pobstacle_diffusion_v1/diffusion_ckpt_best.pt,,320.9443201324144,,,,
26,diffusion,diffusion,26,p2p_diffusion_data_026.npz,logs/p2p_rollout_50/npz/p2p_diffusion_data_026.npz,25545,True,1.0,318.725,25498,0.0018246835097670555,0.3822764456272125,0.06607823073863983,80.0,0.0125,80.01858720697749,0.012497096423526978,0.012519833964564197,0.14617174392118337,0.15627663637781666,0.47670371685486074,"[0.1781834065914154, 0.15805308520793915, 0.05110591650009155]","[0.5589792728424072, 0.12449485063552856, 0.049200389534235]","[0.36203598976135254, 0.12413029372692108, 0.04936005920171738]",0.06,0.01,True,False,30000,/home/peiqi/projects-2026/Diffusion_Koopman_AVs/results/p2pobstacle_diffusion_v1/diffusion_ckpt_best.pt,,318.943632119929,,,,
27,diffusion,diffusion,27,p2p_diffusion_data_027.npz,logs/p2p_rollout_50/npz/p2p_diffusion_data_027.npz,24624,True,1.0,307.4125,24593,0.002806062577292323,0.35320335626602173,0.027684133499860764,80.0,0.0125,80.01284822516922,0.012497992787181337,0.012538799087983962,0.14628139224112485,0.1527772123229045,0.5261160441566078,"[0.18409226834774017, 0.16406290233135223, 0.05258515104651451]","[0.5366747379302979, 0.14317137002944946, 0.05125441402196884]","[0.37150469422340393, 0.13272203505039215, 0.051266156136989594]",0.06,0.01,True,False,30000,/home/peiqi/projects-2026/Diffusion_Koopman_AVs/results/p2pobstacle_diffusion_v1/diffusion_ckpt_best.pt,,307.77473675532684,,,,
28,diffusion,diffusion,28,p2p_diffusion_data_028.npz,logs/p2p_rollout_50/npz/p2p_diffusion_data_028.npz,24822,True,1.0,309.8625,24789,0.0025884683709591627,0.3627203702926636,0.06269146502017975,80.0,0.0125,80.01099692785935,0.01249828196618565,0.012516004376674309,0.1488832706213041,0.15687017245257961,0.4917864414218264,"[0.17983202636241913, 0.1540956199169159, 0.05013640969991684]","[0.542204737663269, 0.16997244954109192, 0.050350140780210495]","[0.3579217493534088, 0.14779651165008545, 0.050987884402275085]",0.06,0.01,True,False,30000,/home/peiqi/projects-2026/Diffusion_Koopman_AVs/results/p2pobstacle_diffusion_v1/diffusion_ckpt_best.pt,,310.1876703271622,,,,
29,diffusion,diffusion,29,p2p_diffusion_data_029.npz,logs/p2p_rollout_50/npz/p2p_diffusion_data_029.npz,25164,True,1.0,314.1625,25133,0.0011824542889371514,0.3407345414161682,0.050355371087789536,80.0,0.0125,80.02448146570053,0.012496175941216341,0.012522043601202461,0.15086215692637725,0.15977582037944263,0.5032442212657721,"[0.19673976302146912, 0.1501956284046173, 0.051465656608343124]","[0.5372967720031738, 0.13983353972434998, 0.04778173938393593]","[0.3570062816143036, 0.1478109508752823, 0.0491427518427372]",0.06,0.01,True,False,30000,/home/peiqi/projects-2026/Diffusion_Koopman_AVs/results/p2pobstacle_diffusion_v1/diffusion_ckpt_best.pt,,314.46161222127483,,,,
30,diffusion,diffusion,30,p2p_diffusion_data_030.npz,logs/p2p_rollout_50/npz/p2p_diffusion_data_030.npz,25103,True,1.0,313.525,25082,0.005122501868754625,0.37715405225753784,0.024461697787046432,80.0,0.0125,80.040966050468,0.012493602330704914,0.01251880514558371,0.15525806773650702,0.16057921932966876,0.4871641091160888,"[0.17278853058815002, 0.15323741734027863, 0.05140725523233414]","[0.5495248436927795, 0.1354929655790329, 0.051180150359869]","[0.36397185921669006, 0.16848944127559662, 0.051028382033109665]",0.06,0.01,True,False,30000,/home/peiqi/projects-2026/Diffusion_Koopman_AVs/results/p2pobstacle_diffusion_v1/diffusion_ckpt_best.pt,,314.0575140458433,,,,
31,diffusion,diffusion,31,p2p_diffusion_data_031.npz,logs/p2p_rollout_50/npz/p2p_diffusion_data_031.npz,25290,True,1.0,315.45,25236,0.002819332992658019,0.3673018515110016,0.06136518344283104,80.0,0.0125,80.0172175926411,0.012497310330020352,0.012506632315543387,0.14894547047893558,0.15377953174975065,0.4553355910711455,"[0.1871185302734375, 0.16144998371601105, 0.05084674432873726]","[0.5541189312934875, 0.14657242596149445, 0.050803862512111664]","[0.3568744659423828, 0.16877880692481995, 0.04889009892940521]",0.06,0.01,True,False,30000,/home/peiqi/projects-2026/Diffusion_Koopman_AVs/results/p2pobstacle_diffusion_v1/diffusion_ckpt_best.pt,,315.88901742597335,,,,
32,diffusion,diffusion,32,p2p_diffusion_data_032.npz,logs/p2p_rollout_50/npz/p2p_diffusion_data_032.npz,25074,True,1.0,313.075,25046,0.0040528359822928905,0.3692839741706848,0.05083027109503746,80.0,0.0125,79.98442846710971,0.012502433525685674,0.012515226831263009,0.15400239846863695,0.16127532618298296,0.5037818719051509,"[0.17347128689289093, 0.14714112877845764, 0.050619203597307205]","[0.5427538156509399, 0.1468181014060974, 0.0496390275657177]","[0.3764905333518982, 0.14285852015018463, 0.049397457391023636]",0.06,0.01,True,False,30000,/home/peiqi/projects-2026/Diffusion_Koopman_AVs/results/p2pobstacle_diffusion_v1/diffusion_ckpt_best.pt,,313.50892294314536,,,,
33,diffusion,diffusion,33,p2p_diffusion_data_033.npz,logs/p2p_rollout_50/npz/p2p_diffusion_data_033.npz,25316,True,1.0,315.825,25266,0.004431714303791523,0.3988282382488251,0.04164794459939003,80.0,0.0125,80.0151357871587,0.01249763548061723,0.012518210708794495,0.14469258550672684,0.15313437850656988,0.558830067298354,"[0.17376433312892914, 0.1507790982723236, 0.05267735570669174]","[0.5725789666175842, 0.15243129432201385, 0.04982525482773781]","[0.3617922067642212, 0.1446402370929718, 0.0498647578060627]",0.06,0.01,True,False,30000,/home/peiqi/projects-2026/Diffusion_Koopman_AVs/results/p2pobstacle_diffusion_v1/diffusion_ckpt_best.pt,,316.1842944062989,,,,
34,diffusion,diffusion,34,p2p_diffusion_data_034.npz,logs/p2p_rollout_50/npz/p2p_diffusion_data_034.npz,25036,True,1.0,312.5875,25007,0.0007925893296487629,0.3719108998775482,0.042333703488111496,80.0,0.0125,79.99159420549384,0.012501313543408787,0.01252068627010394,0.14526863512716362,0.15255168136497113,0.4891041731950777,"[0.18239474296569824, 0.15065717697143555, 0.05094051733613014]","[0.5542802214622498, 0.14646828174591064, 0.04977617412805557]","[0.35822606086730957, 0.15473975241184235, 0.049855075776576996]",0.06,0.01,True,False,30000,/home/peiqi/projects-2026/Diffusion_Koopman_AVs/results/p2pobstacle_diffusion_v1/diffusion_ckpt_best.pt,,313.1208414779575,,,,
35,diffusion,diffusion,35,p2p_diffusion_data_035.npz,logs/p2p_rollout_50/npz/p2p_diffusion_data_035.npz,25512,True,1.0,318.4125,25473,0.0033670116681605577,0.3795967102050781,0.03809646889567375,80.0,0.0125,79.98830708082903,0.012501827285699263,0.012526278506056447,0.15167703960765658,0.15900297182416184,0.5045392688354473,"[0.17269037663936615, 0.15418437123298645, 0.05072202533483505]","[0.5522729158401489, 0.1511574685573578, 0.04945313185453415]","[0.36289456486701965, 0.14205478131771088, 0.049208253622055054]",0.06,0.01,True,False,30000,/home/peiqi/projects-2026/Diffusion_Koopman_AVs/results/p2pobstacle_diffusion_v1/diffusion_ckpt_best.pt,,318.8006590048184,,,,
36,diffusion,diffusion,36,p2p_diffusion_data_036.npz,logs/p2p_rollout_50/npz/p2p_diffusion_data_036.npz,25472,True,1.0,317.75,25420,0.0016138599021360278,0.3588269352912903,0.04709499701857567,80.0,0.0125,79.98678713265507,0.012502064851555266,0.012518956019399561,0.15151979764366097,0.15808859281244447,0.47461897126131447,"[0.18195725977420807, 0.1427273452281952, 0.04899759963154793]","[0.5404926538467407, 0.1569730043411255, 0.051486458629369736]","[0.35011762380599976, 0.15051493048667908, 0.05087486281991005]",0.06,0.01,True,False,30000,/home/peiqi/projects-2026/Diffusion_Koopman_AVs/results/p2pobstacle_diffusion_v1/diffusion_ckpt_best.pt,,318.2938034213667,,,,
37,diffusion,diffusion,37,p2p_diffusion_data_037.npz,logs/p2p_rollout_50/npz/p2p_diffusion_data_037.npz,24886,True,1.0,310.625,24850,0.0030758350621908903,0.39513400197029114,0.04529256746172905,80.0,0.0125,79.9859427710725,0.012502196828036355,0.012531092397577008,0.14704563553769884,0.15561468887629704,0.5157523036978344,"[0.17092356085777283, 0.16110025346279144, 0.04961354285478592]","[0.5651718974113464, 0.13466776907444, 0.05028541758656502]","[0.3836890757083893, 0.14424742758274078, 0.052000001072883606]",0.06,0.01,True,False,30000,/home/peiqi/projects-2026/Diffusion_Koopman_AVs/results/p2pobstacle_diffusion_v1/diffusion_ckpt_best.pt,,311.0704510771959,,,,
38,diffusion,diffusion,38,p2p_diffusion_data_038.npz,logs/p2p_rollout_50/npz/p2p_diffusion_data_038.npz,25055,True,1.0,312.825,25026,0.0031616827473044395,0.3836851119995117,0.045170631259679794,80.0,0.0125,79.99546304164743,0.012500708939947978,0.012524212055594714,0.15217645824346968,0.15736919826616017,0.509824334037468,"[0.17553606629371643, 0.12610012292861938, 0.0507558174431324]","[0.556654691696167, 0.17039671540260315, 0.05157255381345749]","[0.36518341302871704, 0.15176385641098022, 0.05109058693051338]",0.06,0.01,True,False,30000,/home/peiqi/projects-2026/Diffusion_Koopman_AVs/results/p2pobstacle_diffusion_v1/diffusion_ckpt_best.pt,,313.32502751442314,,,,
39,diffusion,diffusion,39,p2p_diffusion_data_039.npz,logs/p2p_rollout_50/npz/p2p_diffusion_data_039.npz,24731,True,1.0,308.6,24688,0.0043207257986068726,0.3896038234233856,0.06581845879554749,80.0,0.0125,80.03113039229592,0.012495137768243538,0.012518802848828631,0.14503891779952566,0.15255849567645516,0.5208672570730843,"[0.17132176458835602, 0.161415234208107, 0.05006667971611023]","[0.5594121217727661, 0.12724512815475464, 0.04699999839067459]","[0.3555264472961426, 0.16299839317798615, 0.0499013252556324]",0.06,0.01,True,False,30000,/home/peiqi/projects-2026/Diffusion_Koopman_AVs/results/p2pobstacle_diffusion_v1/diffusion_ckpt_best.pt,,308.88122631675657,,,,
40,diffusion,diffusion,40,p2p_diffusion_data_040.npz,logs/p2p_rollout_50/npz/p2p_diffusion_data_040.npz,25266,True,1.0,315.425,25234,0.0037837689742445946,0.37085217237472534,0.05293692275881767,80.0,0.0125,79.96098790450307,0.012506098613917752,0.012532468214554114,0.15424546119456292,0.16272689313593516,0.493898342526201,"[0.17420169711112976, 0.14319732785224915, 0.050629887729883194]","[0.5449965000152588, 0.14872847497463226, 0.04717414826154709]","[0.3502572476863861, 0.14083687961101532, 0.05059381574392319]",0.06,0.01,True,False,30000,/home/peiqi/projects-2026/Diffusion_Koopman_AVs/results/p2pobstacle_diffusion_v1/diffusion_ckpt_best.pt,,315.7840950965664,,,,
41,diffusion,diffusion,41,p2p_diffusion_data_041.npz,logs/p2p_rollout_50/npz/p2p_diffusion_data_041.npz,25633,True,1.0,319.9375,25595,0.00372813967987895,0.38420090079307556,0.0377822108566761,80.0,0.0125,79.95792311392869,0.012506577973206508,0.012530894454676337,0.15421530964963479,0.1617665172496531,0.5176295499650355,"[0.1807842254638672, 0.1692173033952713, 0.048883818089962006]","[0.5641137361526489, 0.14353598654270172, 0.05193142592906952]","[0.36427807807922363, 0.1464511901140213, 0.052000001072883606]",0.06,0.01,True,False,30000,/home/peiqi/projects-2026/Diffusion_Koopman_AVs/results/p2pobstacle_diffusion_v1/diffusion_ckpt_best.pt,,320.141037103239,,,,
42,diffusion,diffusion,42,p2p_diffusion_data_042.npz,logs/p2p_rollout_50/npz/p2p_diffusion_data_042.npz,25265,True,1.0,315.5625,25245,0.0017263313056901097,0.3754943907260895,0.05460036173462868,80.0,0.0125,80.00160339839393,0.01249974947402211,0.012531207431851288,0.15782792526648518,0.1670415662152681,0.5149077416111875,"[0.18054750561714172, 0.12647005915641785, 0.04931750148534775]","[0.5556329488754272, 0.14380492269992828, 0.0518568716943264]","[0.3554125726222992, 0.12737223505973816, 0.04842626303434372]",0.06,0.01,True,False,30000,/home/peiqi/projects-2026/Diffusion_Koopman_AVs/results/p2pobstacle_diffusion_v1/diffusion_ckpt_best.pt,,316.1043635630078,,,,
43,diffusion,diffusion,43,p2p_diffusion_data_043.npz,logs/p2p_rollout_50/npz/p2p_diffusion_data_043.npz,25607,True,1.0,319.4375,25555,0.002794854808598757,0.3745823800563812,0.031686101108789444,80.0,0.0125,80.00448395084292,0.012499299421947763,0.012531109175227692,0.1539162215969796,0.15904081740823223,0.45743708712739917,"[0.17405492067337036, 0.1647401601076126, 0.052542511373758316]","[0.5484188795089722, 0.15260149538516998, 0.04851239174604416]","[0.3691462576389313, 0.1417372077703476, 0.051521286368370056]",0.06,0.01,True,False,30000,/home/peiqi/projects-2026/Diffusion_Koopman_AVs/results/p2pobstacle_diffusion_v1/diffusion_ckpt_best.pt,,319.87953747073095,,,,
44,diffusion,diffusion,44,p2p_diffusion_data_044.npz,logs/p2p_rollout_50/npz/p2p_diffusion_data_044.npz,25228,True,1.0,315.0875,25207,0.0021042742300778627,0.38507765531539917,0.054733049124479294,80.0,0.0125,79.99195342710776,0.012501257403486772,0.012540009322540957,0.15237467197912863,0.15884713418952223,0.48369308792963445,"[0.17925898730754852, 0.15309792757034302, 0.05072583258152008]","[0.564319372177124, 0.15036587417125702, 0.04830549284815788]","[0.38612183928489685, 0.14428451657295227, 0.05035017430782318]",0.06,0.01,True,False,30000,/home/peiqi/projects-2026/Diffusion_Koopman_AVs/results/p2pobstacle_diffusion_v1/diffusion_ckpt_best.pt,,315.37785703954614,,,,
45,diffusion,diffusion,45,p2p_diffusion_data_045.npz,logs/p2p_rollout_50/npz/p2p_diffusion_data_045.npz,25907,True,1.0,323.5,25880,0.0055017611011862755,0.37492987513542175,0.029091138392686844,80.0,0.0125,80.02924891644663,0.012495431527091243,0.012515547824651065,0.14795989631992318,0.15471060423548988,0.49922619699404863,"[0.17439870536327362, 0.14144428074359894, 0.05079660564661026]","[0.5486540794372559, 0.1639241725206375, 0.05077110230922699]","[0.36830294132232666, 0.13348473608493805, 0.05153700336813927]",0.06,0.01,True,False,30000,/home/peiqi/projects-2026/Diffusion_Koopman_AVs/results/p2pobstacle_diffusion_v1/diffusion_ckpt_best.pt,,323.7236422848972,,,,
46,diffusion,diffusion,46,p2p_diffusion_data_046.npz,logs/p2p_rollout_50/npz/p2p_diffusion_data_046.npz,25399,True,1.0,317.0625,25365,0.0023729351814836264,0.3790959119796753,0.06162643060088158,80.0,0.0125,80.0517026572886,0.012491926677451517,0.01252148299905379,0.14901265048932216,0.15489445574860586,0.5057694010279216,"[0.17576280236244202, 0.1581336259841919, 0.05147090181708336]","[0.5547481179237366, 0.14933925867080688, 0.04891922324895859]","[0.35094454884529114, 0.14003142714500427, 0.04961499944329262]",0.06,0.01,True,False,30000,/home/peiqi/projects-2026/Diffusion_Koopman_AVs/results/p2pobstacle_diffusion_v1/diffusion_ckpt_best.pt,,317.3783434296298,,,,
47,diffusion,diffusion,47,p2p_diffusion_data_047.npz,logs/p2p_rollout_50/npz/p2p_diffusion_data_047.npz,25060,True,1.0,312.875,25030,0.00657926918938756,0.3699546754360199,0.04078419879078865,80.0,0.0125,80.0060251820089,0.012499058636209712,0.012522227677869176,0.15338017596882622,0.16041127814494122,0.5117717152140213,"[0.1812845915555954, 0.15935128927230835, 0.05173511430621147]","[0.5511755347251892, 0.15326015651226044, 0.048564258962869644]","[0.368705689907074, 0.14821037650108337, 0.04978378489613533]",0.06,0.01,True,False,30000,/home/peiqi/projects-2026/Diffusion_Koopman_AVs/results/p2pobstacle_diffusion_v1/diffusion_ckpt_best.pt,,313.3597845633931,,,,
48,diffusion,diffusion,48,p2p_diffusion_data_048.npz,logs/p2p_rollout_50/npz/p2p_diffusion_data_048.npz,25340,True,1.0,316.225,25298,0.0032611784990876913,0.3811786472797394,0.020411621779203415,80.0,0.0125,80.03298848442817,0.012494847673900964,0.012532282397314628,0.142,0.15033512039455546,0.5059346039160465,"[0.17534227669239044, 0.11739075928926468, 0.048599764704704285]","[0.5542882084846497, 0.15858204662799835, 0.04924199730157852]","[0.35012778639793396, 0.16427651047706604, 0.051103197038173676]",0.06,0.01,True,False,30000,/home/peiqi/projects-2026/Diffusion_Koopman_AVs/results/p2pobstacle_diffusion_v1/diffusion_ckpt_best.pt,,316.7665512292776,,,,
49,diffusion,diffusion,49,p2p_diffusion_data_049.npz,logs/p2p_rollout_50/npz/p2p_diffusion_data_049.npz,25029,True,1.0,312.25,24980,0.00417931005358696,0.3707904517650604,0.05267314240336418,80.0,0.0125,80.01255362379662,0.012498038804033232,0.012521208432893836,0.14890827308223434,0.15553195691614932,0.49179275637937453,"[0.17826887965202332, 0.14489948749542236, 0.049797382205724716]","[0.5490289926528931, 0.14015839993953705, 0.04974006861448288]","[0.3540656566619873, 0.14786072075366974, 0.04933083429932594]",0.06,0.01,True,False,30000,/home/peiqi/projects-2026/Diffusion_Koopman_AVs/results/p2pobstacle_diffusion_v1/diffusion_ckpt_best.pt,,312.66339647981124,,,,
50,koopman,koopman,0,p2p_koopman_data_000.npz,logs/p2p_rollout_50/npz/p2p_koopman_data_000.npz,6628,True,1.0,82.2875,6583,0.002610889496281743,0.3660160303115845,0.027973923832178116,80.0,0.0125,79.98704087122962,0.012502025191929408,0.012527703490268232,0.003889570910726577,0.0044926823298427135,0.5173312468600522,"[0.18288445472717285, 0.1410951316356659, 0.05118156597018242]","[0.5488585233688354, 0.14660517871379852, 0.050592076033353806]","[0.35718151926994324, 0.16464075446128845, 0.048613738268613815]",0.06,0.01,True,False,30000,/home/peiqi/projects-2026/Diffusion_Koopman_AVs/results/p2pobstacle_koopman_v1_s30/balanced/koopman_epoch200.pt,mean,82.83132962418573,koopman,1,0.01,False
51,koopman,koopman,1,p2p_koopman_data_001.npz,logs/p2p_rollout_50/npz/p2p_koopman_data_001.npz,6718,True,1.0,83.35,6668,0.007914670743048191,0.3619656562805176,0.059323493391275406,80.0,0.0125,79.97955855792337,0.01250319479165133,0.012535309880819337,0.00405064813663315,0.004735923457273924,0.49768620775645384,"[0.19114583730697632, 0.13770292699337006, 0.0506821945309639]","[0.5530760884284973, 0.14249122142791748, 0.04903988167643547]","[0.34261372685432434, 0.1555899977684021, 0.050576385110616684]",0.06,0.01,True,False,30000,/home/peiqi/projects-2026/Diffusion_Koopman_AVs/results/p2pobstacle_koopman_v1_s30/balanced/koopman_epoch200.pt,mean,83.68075392789275,koopman,1,0.01,False
52,koopman,koopman,2,p2p_koopman_data_002.npz,logs/p2p_rollout_50/npz/p2p_koopman_data_002.npz,6422,True,1.0,79.6875,6375,0.0026119262911379337,0.3696311116218567,0.048953134566545486,80.0,0.0125,79.99841604345612,0.01250024749811031,0.012535961642418198,0.003949489968499218,0.004600368568089017,0.48783831477507367,"[0.18702806532382965, 0.14718225598335266, 0.047604307532310486]","[0.5566047430038452, 0.15350084006786346, 0.04706352949142456]","[0.3560100793838501, 0.14863468706607819, 0.04980011284351349]",0.06,0.01,True,False,30000,/home/peiqi/projects-2026/Diffusion_Koopman_AVs/results/p2pobstacle_koopman_v1_s30/balanced/koopman_epoch200.pt,mean,80.11354080440196,koopman,1,0.01,False
53,koopman,koopman,3,p2p_koopman_data_003.npz,logs/p2p_rollout_50/npz/p2p_koopman_data_003.npz,7145,True,1.0,88.7375,7099,0.0030027523171156645,0.3741937279701233,0.04462601616978645,80.0,0.0125,80.04642160504626,0.012492750830687457,0.012516720694072444,0.003866801774788279,0.004615505010309492,0.49223597732158586,"[0.1818612515926361, 0.16227711737155914, 0.050587449222803116]","[0.5559954047203064, 0.15561600029468536, 0.05013611167669296]","[0.37308773398399353, 0.15460290014743805, 0.050390031188726425]",0.06,0.01,True,False,30000,/home/peiqi/projects-2026/Diffusion_Koopman_AVs/results/p2pobstacle_koopman_v1_s30/balanced/koopman_epoch200.pt,mean,89.19202286102875,koopman,1,0.01,False
54,koopman,koopman,4,p2p_koopman_data_004.npz,logs/p2p_rollout_50/npz/p2p_koopman_data_004.npz,6928,True,1.0,86.3,6904,0.0034850318916141987,0.3799643814563751,0.03731099143624306,80.0,0.0125,80.01695011438356,0.012497352105653968,0.012508172772271649,0.0042020363941472575,0.004818650816086586,0.4824792122226779,"[0.16327962279319763, 0.15407365560531616, 0.04699999839067459]","[0.543053925037384, 0.1421993225812912, 0.048848316073417664]","[0.3740541934967041, 0.15739162266254425, 0.05138653516769409]",0.06,0.01,True,False,30000,/home/peiqi/projects-2026/Diffusion_Koopman_AVs/results/p2pobstacle_koopman_v1_s30/balanced/koopman_epoch200.pt,mean,86.68288611440637,koopman,1,0.01,False
55,koopman,koopman,5,p2p_koopman_data_005.npz,logs/p2p_rollout_50/npz/p2p_koopman_data_005.npz,6946,True,1.0,86.275,6902,0.0037275704089552164,0.36970415711402893,0.06445567309856415,80.0,0.0125,80.01236537389782,0.012498068208919954,0.012530070201567116,0.0037910522937706134,0.004452697644792031,0.49593713594643485,"[0.17806385457515717, 0.1315627247095108, 0.051497749984264374]","[0.5477336049079895, 0.1359911859035492, 0.04908542335033417]","[0.36696451902389526, 0.14971762895584106, 0.04863699898123741]",0.06,0.01,True,False,30000,/home/peiqi/projects-2026/Diffusion_Koopman_AVs/results/p2pobstacle_koopman_v1_s30/balanced/koopman_epoch200.pt,mean,86.50990840357485,koopman,1,0.01,False
56,koopman,koopman,6,p2p_koopman_data_006.npz,logs/p2p_rollout_50/npz/p2p_koopman_data_006.npz,7218,True,1.0,89.575,7166,0.0023822186049073935,0.36473584175109863,0.04530001059174538,80.0,0.0125,80.01184964118818,0.012498148767769819,0.012518167395281162,0.004069198136996,0.004595080907944937,0.5382437608215568,"[0.1828724443912506, 0.1460745632648468, 0.04921373352408409]","[0.5471287369728088, 0.1644609272480011, 0.05260759964585304]","[0.34686803817749023, 0.15628574788570404, 0.05087690055370331]",0.06,0.01,True,False,30000,/home/peiqi/projects-2026/Diffusion_Koopman_AVs/results/p2pobstacle_koopman_v1_s30/balanced/koopman_epoch200.pt,mean,90.10469062232403,koopman,1,0.01,False
57,koopman,koopman,7,p2p_koopman_data_007.npz,logs/p2p_rollout_50/npz/p2p_koopman_data_007.npz,6686,True,1.0,83.0625,6645,0.0033371462486684322,0.38667723536491394,0.046490203589200974,80.0,0.0125,79.98704097907776,0.012502025175072677,0.012517168484975706,0.00395613683833624,0.004756186683756225,0.4708694950455761,"[0.17556379735469818, 0.16038966178894043, 0.05133930593729019]","[0.5620379447937012, 0.14790108799934387, 0.05030032992362976]","[0.35682448744773865, 0.15272635221481323, 0.0487406961619854]",0.06,0.01,True,False,30000,/home/peiqi/projects-2026/Diffusion_Koopman_AVs/results/p2pobstacle_koopman_v1_s30/balanced/koopman_epoch200.pt,mean,83.53607655055927,koopman,1,0.01,False
58,koopman,koopman,8,p2p_koopman_data_008.npz,logs/p2p_rollout_50/npz/p2p_koopman_data_008.npz,7143,True,1.0,88.9875,7119,0.0022814723197370768,0.3670388460159302,0.05399938300251961,80.0,0.0125,80.0160057897312,0.012497499595616336,0.012512280300451577,0.003944126333457058,0.004655907362032749,0.464944373763026,"[0.17923101782798767, 0.15296529233455658, 0.05119375139474869]","[0.5462576746940613, 0.1556786596775055, 0.04993768036365509]","[0.3600520193576813, 0.1492333561182022, 0.049820058047771454]",0.06,0.01,True,False,30000,/home/peiqi/projects-2026/Diffusion_Koopman_AVs/results/p2pobstacle_koopman_v1_s30/balanced/koopman_epoch200.pt,mean,89.33033965712328,koopman,1,0.01,False
59,koopman,koopman,9,p2p_koopman_data_009.npz,logs/p2p_rollout_50/npz/p2p_koopman_data_009.npz,6400,True,1.0,79.55,6364,0.0005518963444046676,0.37964123487472534,0.06792744994163513,80.0,0.0125,80.02280629236633,0.012496437532401232,0.012518179431917617,0.004083557895992749,0.0048006737819457496,0.4953249814898623,"[0.17939694225788116, 0.14504815638065338, 0.04973454028367996]","[0.5588738918304443, 0.13411371409893036, 0.04746570065617561]","[0.362209290266037, 0.1591574251651764, 0.04887871444225311]",0.06,0.01,True,False,30000,/home/peiqi/projects-2026/Diffusion_Koopman_AVs/results/p2pobstacle_koopman_v1_s30/balanced/koopman_epoch200.pt,mean,80.05697663995352,koopman,1,0.01,False
60,koopman,koopman,10,p2p_koopman_data_010.npz,logs/p2p_rollout_50/npz/p2p_koopman_data_010.npz,7072,True,1.0,87.8,7024,0.0023904480040073395,0.37288790941238403,0.03881560638546944,80.0,0.0125,79.97454273707342,0.01250397896350128,0.01253568615332127,0.004083465436628551,0.004593014170939841,0.500125198208325,"[0.17293483018875122, 0.1308707594871521, 0.04993198812007904]","[0.5448262691497803, 0.15795913338661194, 0.052825361490249634]","[0.36328449845314026, 0.15489298105239868, 0.04805191606283188]",0.06,0.01,True,False,30000,/home/peiqi/projects-2026/Diffusion_Koopman_AVs/results/p2pobstacle_koopman_v1_s30/balanced/koopman_epoch200.pt,mean,88.18436598721469,koopman,1,0.01,False
61,koopman,koopman,11,p2p_koopman_data_011.npz,logs/p2p_rollout_50/npz/p2p_koopman_data_011.npz,6690,True,1.0,83.3,6664,0.00092877889983356,0.36734917759895325,0.049806464463472366,80.0,0.0125,80.00687330930289,0.012498926137683771,0.012528609489123517,0.003856384008790589,0.004344603902272967,0.495991597610204,"[0.18622061610221863, 0.14827804267406464, 0.0531126894056797]","[0.5534920692443848, 0.15473999083042145, 0.049196530133485794]","[0.3647575080394745, 0.15224282443523407, 0.049980271607637405]",0.06,0.01,True,False,30000,/home/peiqi/projects-2026/Diffusion_Koopman_AVs/results/p2pobstacle_koopman_v1_s30/balanced/koopman_epoch200.pt,mean,83.82242474606072,koopman,1,0.01,False
62,koopman,koopman,12,p2p_koopman_data_012.npz,logs/p2p_rollout_50/npz/p2p_koopman_data_012.npz,6833,True,1.0,84.9125,6793,0.0022174508776515722,0.3587428331375122,0.04797368869185448,80.0,0.0125,80.00300109837205,0.012499531095969706,0.012531320270759537,0.004205233989694926,0.004879932352034275,0.4898996081879113,"[0.17782658338546753, 0.14532384276390076, 0.053605254739522934]","[0.536119282245636, 0.16301652789115906, 0.050485167652368546]","[0.35718071460723877, 0.155293270945549, 0.04979880154132843]",0.06,0.01,True,False,30000,/home/peiqi/projects-2026/Diffusion_Koopman_AVs/results/p2pobstacle_koopman_v1_s30/balanced/koopman_epoch200.pt,mean,85.21155885652273,koopman,1,0.01,False
63,koopman,koopman,13,p2p_koopman_data_013.npz,logs/p2p_rollout_50/npz/p2p_koopman_data_013.npz,6885,True,1.0,85.4,6832,0.005970208439975977,0.36058664321899414,0.025816258043050766,80.0,0.0125,79.98958316175312,0.012501627842938283,0.012514227508236758,0.004060259265685993,0.004619109190614407,0.5025574406256595,"[0.19102808833122253, 0.19115740060806274, 0.04859235882759094]","[0.5497083067893982, 0.1541379988193512, 0.04947732388973236]","[0.3598525822162628, 0.15105947852134705, 0.050093624740839005]",0.06,0.01,True,False,30000,/home/peiqi/projects-2026/Diffusion_Koopman_AVs/results/p2pobstacle_koopman_v1_s30/balanced/koopman_epoch200.pt,mean,85.89395091324036,koopman,1,0.01,False
64,koopman,koopman,14,p2p_koopman_data_014.npz,logs/p2p_rollout_50/npz/p2p_koopman_data_014.npz,7019,True,1.0,87.2,6976,0.008012915961444378,0.37391552329063416,0.055155154317617416,80.0,0.0125,80.00500108575699,0.012499218629196751,0.012523006067493167,0.004062127963505699,0.004611150664893737,0.5410639736080729,"[0.18099166452884674, 0.1643252819776535, 0.04762391746044159]","[0.5547969341278076, 0.1552894413471222, 0.04850880429148674]","[0.3551170229911804, 0.15292982757091522, 0.0499856062233448]",0.06,0.01,True,False,30000,/home/peiqi/projects-2026/Diffusion_Koopman_AVs/results/p2pobstacle_koopman_v1_s30/balanced/koopman_epoch200.pt,mean,87.5488425146729,koopman,1,0.01,False
65,koopman,koopman,15,p2p_koopman_data_015.npz,logs/p2p_rollout_50/npz/p2p_koopman_data_015.npz,6893,True,1.0,85.9125,6873,0.006849617697298527,0.39173439145088196,0.039326924830675125,80.0,0.0125,79.98005262906368,0.012503117554046388,0.012519148051930022,0.003713380631048399,0.004328040907409644,0.49050623143146055,"[0.1753319650888443, 0.16111387312412262, 0.05067729577422142]","[0.5668435096740723, 0.14790314435958862, 0.05066325515508652]","[0.36124902963638306, 0.14548495411872864, 0.04800000041723251]",0.06,0.01,True,False,30000,/home/peiqi/projects-2026/Diffusion_Koopman_AVs/results/p2pobstacle_koopman_v1_s30/balanced/koopman_epoch200.pt,mean,86.30191470097031,koopman,1,0.01,False
66,koopman,koopman,16,p2p_koopman_data_016.npz,logs/p2p_rollout_50/npz/p2p_koopman_data_016.npz,7224,True,1.0,89.6375,7171,0.004396728239953518,0.37155047059059143,0.042728718370199203,80.0,0.0125,80.02904981326759,0.01249546261430453,0.012510680875444808,0.003960276915078697,0.004554232416785758,0.47402595040802553,"[0.1773201823234558, 0.13581345975399017, 0.048268482089042664]","[0.5480354428291321, 0.16066399216651917, 0.04981861636042595]","[0.35408589243888855, 0.1535729169845581, 0.049932289868593216]",0.06,0.01,True,False,30000,/home/peiqi/projects-2026/Diffusion_Koopman_AVs/results/p2pobstacle_koopman_v1_s30/balanced/koopman_epoch200.pt,mean,90.05511289595455,koopman,1,0.01,False
67,koopman,koopman,17,p2p_koopman_data_017.npz,logs/p2p_rollout_50/npz/p2p_koopman_data_017.npz,7083,True,1.0,87.8625,7029,0.00444403663277626,0.37843969464302063,0.049153346568346024,80.0,0.0125,79.95896932577459,0.012506414332652638,0.012529996220664596,0.004264006348297181,0.005136256665997152,0.5162679953983328,"[0.18527565896511078, 0.14048391580581665, 0.050100069493055344]","[0.56329745054245, 0.1581020951271057, 0.05249490216374397]","[0.36768633127212524, 0.1493091583251953, 0.04949452355504036]",0.06,0.01,True,False,30000,/home/peiqi/projects-2026/Diffusion_Koopman_AVs/results/p2pobstacle_koopman_v1_s30/balanced/koopman_epoch200.pt,mean,88.07634016669628,koopman,1,0.01,False
68,koopman,koopman,18,p2p_koopman_data_018.npz,logs/p2p_rollout_50/npz/p2p_koopman_data_018.npz,6732,True,1.0,83.7875,6703,0.001439252169802785,0.370815634727478,0.061441924422979355,80.0,0.0125,79.96454800810284,0.012505541829595155,0.012530410678227518,0.004083758603856654,0.004715304314505001,0.5307024195711394,"[0.18127690255641937, 0.15945762395858765, 0.05109370872378349]","[0.5520731210708618, 0.16247087717056274, 0.04878409951925278]","[0.36036673188209534, 0.14783595502376556, 0.05034846067428589]",0.06,0.01,True,False,30000,/home/peiqi/projects-2026/Diffusion_Koopman_AVs/results/p2pobstacle_koopman_v1_s30/balanced/koopman_epoch200.pt,mean,84.14000888925663,koopman,1,0.01,False
69,koopman,koopman,19,p2p_koopman_data_019.npz,logs/p2p_rollout_50/npz/p2p_koopman_data_019.npz,7002,True,1.0,87.1125,6969,0.0024303907994180918,0.365298330783844,0.06286726891994476,80.0,0.0125,79.99787610482778,0.012500331867431306,0.012520423117971908,0.004550646818590775,0.005183099518966713,0.4668189909483479,"[0.18278378248214722, 0.159309983253479, 0.04852669686079025]","[0.5473263263702393, 0.13595832884311676, 0.05103570595383644]","[0.36020052433013916, 0.16193515062332153, 0.04982258379459381]",0.06,0.01,True,False,30000,/home/peiqi/projects-2026/Diffusion_Koopman_AVs/results/p2pobstacle_koopman_v1_s30/balanced/koopman_epoch200.pt,mean,87.3505883999558,koopman,1,0.01,False
70,koopman,koopman,20,p2p_koopman_data_020.npz,logs/p2p_rollout_50/npz/p2p_koopman_data_020.npz,7028,True,1.0,87.3125,6985,0.0016919279005378485,0.3720761239528656,0.06755942106246948,80.0,0.0125,79.99536090140707,0.012500724901191246,0.0125223560241344,0.004133148558570201,0.0048750311705388445,0.4585797173142697,"[0.17479267716407776, 0.1508503258228302, 0.04892214015126228]","[0.5464296936988831, 0.16888970136642456, 0.04999731108546257]","[0.3553284704685211, 0.14043675363063812, 0.051175557076931]",0.06,0.01,True,False,30000,/home/peiqi/projects-2026/Diffusion_Koopman_AVs/results/p2pobstacle_koopman_v1_s30/balanced/koopman_epoch200.pt,mean,87.84744937127569,koopman,1,0.01,False
71,koopman,koopman,21,p2p_koopman_data_021.npz,logs/p2p_rollout_50/npz/p2p_koopman_data_021.npz,6855,True,1.0,85.0625,6805,0.0045563774183392525,0.3740038275718689,0.028980765491724014,80.0,0.0125,80.01061918493663,0.012498340972572639,0.012516414875468687,0.00412092890515841,0.004830080481637448,0.48819896218033987,"[0.1800462156534195, 0.14625629782676697, 0.05182509496808052]","[0.5530516505241394, 0.17343121767044067, 0.04911790415644646]","[0.3521715998649597, 0.13966801762580872, 0.04927751421928406]",0.06,0.01,True,False,30000,/home/peiqi/projects-2026/Diffusion_Koopman_AVs/results/p2pobstacle_koopman_v1_s30/balanced/koopman_epoch200.pt,mean,85.33654041804667,koopman,1,0.01,False
72,koopman,koopman,22,p2p_koopman_data_022.npz,logs/p2p_rollout_50/npz/p2p_koopman_data_022.npz,6659,True,1.0,82.6125,6609,0.0037529347464442253,0.3622250258922577,0.04048966243863106,80.0,0.0125,80.04513393895282,0.012492951798452352,0.01252274801724827,0.0037305929233525273,0.004284214862684897,0.4875098228387322,"[0.18663103878498077, 0.14856544137001038, 0.05316896364092827]","[0.5488390326499939, 0.14953769743442535, 0.049795929342508316]","[0.3557935059070587, 0.15659475326538086, 0.05046267807483673]",0.06,0.01,True,False,30000,/home/peiqi/projects-2026/Diffusion_Koopman_AVs/results/p2pobstacle_koopman_v1_s30/balanced/koopman_epoch200.pt,mean,82.99686130295443,koopman,1,0.01,False
73,koopman,koopman,23,p2p_koopman_data_023.npz,logs/p2p_rollout_50/npz/p2p_koopman_data_023.npz,7137,True,1.0,88.675,7094,0.002472017891705036,0.3692094683647156,0.03321327641606331,80.0,0.0125,80.00320280071631,0.012499499582422299,0.01250959612342558,0.0038812041816084874,0.004459588464125524,0.5202022052566514,"[0.18013204634189606, 0.17765124142169952, 0.04972771182656288]","[0.5486496090888977, 0.15507414937019348, 0.05056589096784592]","[0.34272101521492004, 0.15385852754116058, 0.0502917654812336]",0.06,0.01,True,False,30000,/home/peiqi/projects-2026/Diffusion_Koopman_AVs/results/p2pobstacle_koopman_v1_s30/balanced/koopman_epoch200.pt,mean,88.97813166911261,koopman,1,0.01,False
74,koopman,koopman,24,p2p_koopman_data_024.npz,logs/p2p_rollout_50/npz/p2p_koopman_data_024.npz,6822,True,1.0,84.625,6770,0.0007175327627919614,0.3695623576641083,0.05147958919405937,80.0,0.0125,80.00313074981995,0.012499510839483623,0.012529356996923162,0.004217330157910061,0.004958446567633494,0.5213438176535155,"[0.18451553583145142, 0.1431267112493515, 0.05121256783604622]","[0.5537678599357605, 0.15813863277435303, 0.04928836226463318]","[0.3681471645832062, 0.14765411615371704, 0.04922705888748169]",0.06,0.01,True,False,30000,/home/peiqi/projects-2026/Diffusion_Koopman_AVs/results/p2pobstacle_koopman_v1_s30/balanced/koopman_epoch200.pt,mean,85.16921382876113,koopman,1,0.01,False
75,koopman,koopman,25,p2p_koopman_data_025.npz,logs/p2p_rollout_50/npz/p2p_koopman_data_025.npz,7096,True,1.0,88.3375,7067,0.004597613122314215,0.35966143012046814,0.05350550636649132,80.0,0.0125,80.00985025717398,0.012498461086800201,0.012528573497965193,0.004208427543910692,0.004944966372654742,0.5122478467975475,"[0.18579517304897308, 0.1621188521385193, 0.051243532449007034]","[0.5446314215660095, 0.13777443766593933, 0.05074141174554825]","[0.3547554612159729, 0.155961811542511, 0.050898149609565735]",0.06,0.01,True,False,30000,/home/peiqi/projects-2026/Diffusion_Koopman_AVs/results/p2pobstacle_koopman_v1_s30/balanced/koopman_epoch200.pt,mean,88.68761646208884,koopman,1,0.01,False
76,koopman,koopman,26,p2p_koopman_data_026.npz,logs/p2p_rollout_50/npz/p2p_koopman_data_026.npz,6863,True,1.0,85.175,6814,0.004866673611104488,0.3620925545692444,0.04051725193858147,80.0,0.0125,79.99542360074155,0.01250071510329161,0.012531000176246133,0.003873087444125767,0.004527238962548924,0.4654046277678459,"[0.18965314328670502, 0.15177366137504578, 0.050636664032936096]","[0.5517370104789734, 0.1499464511871338, 0.04891466349363327]","[0.3568510413169861, 0.15807214379310608, 0.04972485825419426]",0.06,0.01,True,False,30000,/home/peiqi/projects-2026/Diffusion_Koopman_AVs/results/p2pobstacle_koopman_v1_s30/balanced/koopman_epoch200.pt,mean,85.41305241064919,koopman,1,0.01,False
77,koopman,koopman,27,p2p_koopman_data_027.npz,logs/p2p_rollout_50/npz/p2p_koopman_data_027.npz,6598,True,1.0,82.1375,6571,0.007553016301244497,0.3632824420928955,0.06091951206326485,80.0,0.0125,80.00973793259159,0.012498478633219652,0.012511574584951885,0.004287134291298371,0.004983787680565817,0.5355450055323957,"[0.18382547795772552, 0.14537100493907928, 0.04946622997522354]","[0.5470348596572876, 0.152521550655365, 0.05086813122034073]","[0.3687714636325836, 0.1614258736371994, 0.05050186812877655]",0.06,0.01,True,False,30000,/home/peiqi/projects-2026/Diffusion_Koopman_AVs/results/p2pobstacle_koopman_v1_s30/balanced/koopman_epoch200.pt,mean,82.57962183812941,koopman,1,0.01,False
78,koopman,koopman,28,p2p_koopman_data_028.npz,logs/p2p_rollout_50/npz/p2p_koopman_data_028.npz,6910,True,1.0,85.9375,6875,0.002446045633405447,0.3723559081554413,0.052742209285497665,80.0,0.0125,79.99204198382765,0.012501243563730684,0.012531913781368335,0.004091962139535586,0.0045577538378893485,0.4719688457244507,"[0.17761726677417755, 0.14814358949661255, 0.04927897825837135]","[0.5485368967056274, 0.1808021068572998, 0.04830271750688553]","[0.37080320715904236, 0.16115093231201172, 0.052000001072883606]",0.06,0.01,True,False,30000,/home/peiqi/projects-2026/Diffusion_Koopman_AVs/results/p2pobstacle_koopman_v1_s30/balanced/koopman_epoch200.pt,mean,86.31204283554999,koopman,1,0.01,False
79,koopman,koopman,29,p2p_koopman_data_029.npz,logs/p2p_rollout_50/npz/p2p_koopman_data_029.npz,6754,True,1.0,84.1125,6729,0.0032400607597082853,0.3706072270870209,0.04839158430695534,80.0,0.0125,79.98081392551528,0.012502998543266669,0.012528560629063414,0.004343756302467866,0.005007212964899718,0.4534063155687216,"[0.1914653480052948, 0.1396496593952179, 0.050731733441352844]","[0.5619195699691772, 0.15015114843845367, 0.052497923374176025]","[0.35733017325401306, 0.14586575329303741, 0.050924669951200485]",0.06,0.01,True,False,30000,/home/peiqi/projects-2026/Diffusion_Koopman_AVs/results/p2pobstacle_koopman_v1_s30/balanced/koopman_epoch200.pt,mean,84.47366980169252,koopman,1,0.01,False
80,koopman,koopman,30,p2p_koopman_data_030.npz,logs/p2p_rollout_50/npz/p2p_koopman_data_030.npz,6810,True,1.0,84.7125,6777,0.004311496391892433,0.3687768280506134,0.06667770445346832,80.0,0.0125,79.99586326405493,0.012500646398416162,0.012523123101269906,0.004258792371242846,0.0048560662740730195,0.5417838323768747,"[0.18715506792068481, 0.13312411308288574, 0.04998864233493805]","[0.5541444420814514, 0.16938307881355286, 0.04932095855474472]","[0.3517172634601593, 0.1288258135318756, 0.05134033039212227]",0.06,0.01,True,False,30000,/home/peiqi/projects-2026/Diffusion_Koopman_AVs/results/p2pobstacle_koopman_v1_s30/balanced/koopman_epoch200.pt,mean,84.95524824750011,koopman,1,0.01,False
81,koopman,koopman,31,p2p_koopman_data_031.npz,logs/p2p_rollout_50/npz/p2p_koopman_data_031.npz,7121,True,1.0,88.4,7072,0.0032007615081965923,0.3681444227695465,0.056953173130750656,80.0,0.0125,79.99553641150642,0.012500697474617618,0.012516500256946892,0.004088267246283546,0.004891799174881013,0.5105403534920505,"[0.18732181191444397, 0.15180258452892303, 0.05096903070807457]","[0.5554658770561218, 0.15184390544891357, 0.051471415907144547]","[0.36843618750572205, 0.16002148389816284, 0.04961083084344864]",0.06,0.01,True,False,30000,/home/peiqi/projects-2026/Diffusion_Koopman_AVs/results/p2pobstacle_koopman_v1_s30/balanced/koopman_epoch200.pt,mean,88.86321142763865,koopman,1,0.01,False
82,koopman,koopman,32,p2p_koopman_data_032.npz,logs/p2p_rollout_50/npz/p2p_koopman_data_032.npz,7124,True,1.0,88.4625,7077,0.003527516731992364,0.3811386227607727,0.05434597656130791,80.0,0.0125,79.97998547417433,0.01250312805224129,0.012538278555465453,0.004366579468569797,0.005201345874515563,0.5121199264365282,"[0.18001478910446167, 0.1629244089126587, 0.05065067857503891]","[0.5592442154884338, 0.12483362853527069, 0.049756746739149094]","[0.36256155371665955, 0.13869425654411316, 0.04950130358338356]",0.06,0.01,True,False,30000,/home/peiqi/projects-2026/Diffusion_Koopman_AVs/results/p2pobstacle_koopman_v1_s30/balanced/koopman_epoch200.pt,mean,88.96545953382733,koopman,1,0.01,False
83,koopman,koopman,33,p2p_koopman_data_033.npz,logs/p2p_rollout_50/npz/p2p_koopman_data_033.npz,6851,True,1.0,85.3,6824,0.0020869723521173,0.3681018352508545,0.054528672248125076,80.0,0.0125,80.00133004299083,0.012499792184237732,0.012522687931994765,0.0038663392850596407,0.004449106227159653,0.503357447365212,"[0.18252575397491455, 0.15998530387878418, 0.05034762993454933]","[0.5505785942077637, 0.16577337682247162, 0.051947273313999176]","[0.34791138768196106, 0.17008787393569946, 0.05079707130789757]",0.06,0.01,True,False,30000,/home/peiqi/projects-2026/Diffusion_Koopman_AVs/results/p2pobstacle_koopman_v1_s30/balanced/koopman_epoch200.pt,mean,85.52024372294748,koopman,1,0.01,False
84,koopman,koopman,34,p2p_koopman_data_034.npz,logs/p2p_rollout_50/npz/p2p_koopman_data_034.npz,6716,True,1.0,83.425,6674,0.002045766916126013,0.3767355680465698,0.047147784382104874,80.0,0.0125,80.03516920755479,0.012494507226025913,0.012521215113034553,0.00436963917729722,0.005081768295047381,0.530830306482232,"[0.17433999478816986, 0.14156769216060638, 0.049269143491983414]","[0.5510696172714233, 0.13972076773643494, 0.050304874777793884]","[0.3721004128456116, 0.14215749502182007, 0.04891091585159302]",0.06,0.01,True,False,30000,/home/peiqi/projects-2026/Diffusion_Koopman_AVs/results/p2pobstacle_koopman_v1_s30/balanced/koopman_epoch200.pt,mean,83.7249716492875,koopman,1,0.01,False
85,koopman,koopman,35,p2p_koopman_data_035.npz,logs/p2p_rollout_50/npz/p2p_koopman_data_035.npz,6762,True,1.0,83.9,6712,0.0039183576591312885,0.368513822555542,0.047462690621614456,80.0,0.0125,80.00838654411714,0.01249868973983863,0.012519247112873114,0.004368179954681201,0.004924904493316424,0.5464473946562205,"[0.1723938137292862, 0.14118029177188873, 0.052064936608076096]","[0.5405336022377014, 0.15757983922958374, 0.04949647933244705]","[0.35023680329322815, 0.14765197038650513, 0.04901504144072533]",0.06,0.01,True,False,30000,/home/peiqi/projects-2026/Diffusion_Koopman_AVs/results/p2pobstacle_koopman_v1_s30/balanced/koopman_epoch200.pt,mean,84.35887250637099,koopman,1,0.01,False
86,koopman,koopman,36,p2p_koopman_data_036.npz,logs/p2p_rollout_50/npz/p2p_koopman_data_036.npz,7031,True,1.0,87.5125,7001,0.003331930609419942,0.37605005502700806,0.04612662270665169,80.0,0.0125,80.01231698613509,0.012498075767175754,0.012526326877323319,0.0038980606555950176,0.004599738221967372,0.5024734039839297,"[0.1858140528202057, 0.15358050167560577, 0.04980483278632164]","[0.561582088470459, 0.1390373259782791, 0.04908216372132301]","[0.35911619663238525, 0.14856119453907013, 0.04945290461182594]",0.06,0.01,True,False,30000,/home/peiqi/projects-2026/Diffusion_Koopman_AVs/results/p2pobstacle_koopman_v1_s30/balanced/koopman_epoch200.pt,mean,87.94401054777902,koopman,1,0.01,False
87,koopman,koopman,37,p2p_koopman_data_037.npz,logs/p2p_rollout_50/npz/p2p_koopman_data_037.npz,6893,True,1.0,85.575,6846,0.001109879813157022,0.3795362114906311,0.05500151589512825,80.0,0.0125,79.99170114078484,0.012501296831280121,0.01253308510537811,0.0040573993262699205,0.004707086464602893,0.4927130182317309,"[0.18380221724510193, 0.12512999773025513, 0.04922250285744667]","[0.561881422996521, 0.15835154056549072, 0.048799581825733185]","[0.3697822093963623, 0.14777302742004395, 0.04846591502428055]",0.06,0.01,True,False,30000,/home/peiqi/projects-2026/Diffusion_Koopman_AVs/results/p2pobstacle_koopman_v1_s30/balanced/koopman_epoch200.pt,mean,86.0807392373658,koopman,1,0.01,False
88,koopman,koopman,38,p2p_koopman_data_038.npz,logs/p2p_rollout_50/npz/p2p_koopman_data_038.npz,7144,True,1.0,88.8875,7111,0.004447565879672766,0.3609147071838379,0.05582133308053017,80.0,0.0125,79.99513169705241,0.01250076071862817,0.012532011320058184,0.004198686289545282,0.004859446173198073,0.5121836655150849,"[0.18566015362739563, 0.1516491025686264, 0.04853341355919838]","[0.5465524196624756, 0.15567326545715332, 0.04857964441180229]","[0.34949222207069397, 0.14475543797016144, 0.050570353865623474]",0.06,0.01,True,False,30000,/home/peiqi/projects-2026/Diffusion_Koopman_AVs/results/p2pobstacle_koopman_v1_s30/balanced/koopman_epoch200.pt,mean,89.27101998898245,koopman,1,0.01,False
89,koopman,koopman,39,p2p_koopman_data_039.npz,logs/p2p_rollout_50/npz/p2p_koopman_data_039.npz,6468,True,1.0,80.2375,6419,0.0029645231552422047,0.37496861815452576,0.03644615039229393,80.0,0.0125,80.01272024661588,0.012498012777440781,0.012520477912182387,0.0038270709512040887,0.004523591472986198,0.4758920876983593,"[0.17648769915103912, 0.1665308177471161, 0.05085214972496033]","[0.5511398315429688, 0.15133704245090485, 0.048325736075639725]","[0.3605007231235504, 0.14681731164455414, 0.04955144226551056]",0.06,0.01,True,False,30000,/home/peiqi/projects-2026/Diffusion_Koopman_AVs/results/p2pobstacle_koopman_v1_s30/balanced/koopman_epoch200.pt,mean,80.56710028597611,koopman,1,0.01,False
90,koopman,koopman,40,p2p_koopman_data_040.npz,logs/p2p_rollout_50/npz/p2p_koopman_data_040.npz,6867,True,1.0,85.4125,6833,0.003126809373497963,0.3828275203704834,0.03261568024754524,80.0,0.0125,80.01497294325942,0.012497660915402976,0.012526372133053597,0.004361015657274018,0.004917402993088747,0.4796918518608266,"[0.16838185489177704, 0.15953099727630615, 0.051942650228738785]","[0.5511113405227661, 0.15194100141525269, 0.04776627570390701]","[0.3676893413066864, 0.17151428759098053, 0.04919221252202988]",0.06,0.01,True,False,30000,/home/peiqi/projects-2026/Diffusion_Koopman_AVs/results/p2pobstacle_koopman_v1_s30/balanced/koopman_epoch200.pt,mean,85.78080341954575,koopman,1,0.01,False
91,koopman,koopman,41,p2p_koopman_data_041.npz,logs/p2p_rollout_50/npz/p2p_koopman_data_041.npz,6726,True,1.0,83.5875,6687,0.0030888428445905447,0.39951783418655396,0.07074058055877686,80.0,0.0125,79.99611019309354,0.01250060781188252,0.012530147673445737,0.003948709157158764,0.004527821994269463,0.5381661199159636,"[0.1711849868297577, 0.12669405341148376, 0.05079635605216026]","[0.5703768730163574, 0.1427716314792633, 0.05215343460440636]","[0.36000320315361023, 0.15662845969200134, 0.04944637790322304]",0.06,0.01,True,False,30000,/home/peiqi/projects-2026/Diffusion_Koopman_AVs/results/p2pobstacle_koopman_v1_s30/balanced/koopman_epoch200.pt,mean,83.7918534743595,koopman,1,0.01,False
92,koopman,koopman,42,p2p_koopman_data_042.npz,logs/p2p_rollout_50/npz/p2p_koopman_data_042.npz,7129,True,1.0,88.5,7080,0.002129359869286418,0.3851039409637451,0.03438670560717583,80.0,0.0125,79.97996043458356,0.012503131966636946,0.012523417856560838,0.004287673881941085,0.00482359364510046,0.4918836426417824,"[0.18368950486183167, 0.16794119775295258, 0.04715043306350708]","[0.5669888854026794, 0.13080962002277374, 0.04995601996779442]","[0.36412349343299866, 0.16389936208724976, 0.051404573023319244]",0.06,0.01,True,False,30000,/home/peiqi/projects-2026/Diffusion_Koopman_AVs/results/p2pobstacle_koopman_v1_s30/balanced/koopman_epoch200.pt,mean,88.92687344119534,koopman,1,0.01,False
93,koopman,koopman,43,p2p_koopman_data_043.npz,logs/p2p_rollout_50/npz/p2p_koopman_data_043.npz,6845,True,1.0,85.1,6808,0.002708513056859374,0.3692683279514313,0.03190254792571068,80.0,0.0125,79.98808330276592,0.012501862261342884,0.012534195915924628,0.0038017365887928795,0.00446276140050038,0.509991384021198,"[0.18171069025993347, 0.15874914824962616, 0.052604250609874725]","[0.5509530901908875, 0.15945100784301758, 0.04828571155667305]","[0.360528826713562, 0.14236235618591309, 0.05055379495024681]",0.06,0.01,True,False,30000,/home/peiqi/projects-2026/Diffusion_Koopman_AVs/results/p2pobstacle_koopman_v1_s30/balanced/koopman_epoch200.pt,mean,85.57721177303667,koopman,1,0.01,False
94,koopman,koopman,44,p2p_koopman_data_044.npz,logs/p2p_rollout_50/npz/p2p_koopman_data_044.npz,6870,True,1.0,85.35,6828,0.004586227238178253,0.39330947399139404,0.058025527745485306,80.0,0.0125,79.99146688106725,0.012501333442063488,0.012522097098557285,0.004092592578753262,0.004684067651913314,0.47671674888761145,"[0.16929522156715393, 0.15696121752262115, 0.05135718733072281]","[0.5624944567680359, 0.16620440781116486, 0.05022710561752319]","[0.3589271306991577, 0.15201959013938904, 0.05158410593867302]",0.06,0.01,True,False,30000,/home/peiqi/projects-2026/Diffusion_Koopman_AVs/results/p2pobstacle_koopman_v1_s30/balanced/koopman_epoch200.pt,mean,85.72735512282905,koopman,1,0.01,False
95,koopman,koopman,45,p2p_koopman_data_045.npz,logs/p2p_rollout_50/npz/p2p_koopman_data_045.npz,6856,True,1.0,85.35,6828,0.0017013881588354707,0.37233367562294006,0.041940491646528244,80.0,0.0125,79.99739570551962,0.012500406934259767,0.012521597674074361,0.0042749803736755266,0.004713849670365842,0.51833336867974,"[0.18065227568149567, 0.1528988778591156, 0.04973600432276726]","[0.5528656840324402, 0.1623457819223404, 0.05026629939675331]","[0.3630118668079376, 0.15062543749809265, 0.04888541251420975]",0.06,0.01,True,False,30000,/home/peiqi/projects-2026/Diffusion_Koopman_AVs/results/p2pobstacle_koopman_v1_s30/balanced/koopman_epoch200.pt,mean,85.76753683676003,koopman,1,0.01,False
96,koopman,koopman,46,p2p_koopman_data_046.npz,logs/p2p_rollout_50/npz/p2p_koopman_data_046.npz,6763,True,1.0,84.075,6726,0.005763459485024214,0.3611719310283661,0.05244078114628792,80.0,0.0125,79.97579590201829,0.012503783034871475,0.012528189839951711,0.004119300095886908,0.004827942065269244,0.5464305872657511,"[0.1884768009185791, 0.1550295352935791, 0.051058173179626465]","[0.5496458411216736, 0.15410690009593964, 0.0499468557536602]","[0.35951587557792664, 0.15084877610206604, 0.0481661893427372]",0.06,0.01,True,False,30000,/home/peiqi/projects-2026/Diffusion_Koopman_AVs/results/p2pobstacle_koopman_v1_s30/balanced/koopman_epoch200.pt,mean,84.42661335959421,koopman,1,0.01,False
97,koopman,koopman,47,p2p_koopman_data_047.npz,logs/p2p_rollout_50/npz/p2p_koopman_data_047.npz,7001,True,1.0,87.0,6960,0.00520344078540802,0.3711734414100647,0.06311546266078949,80.0,0.0125,79.97293959983135,0.01250422961821587,0.012527175068268503,0.0042153234452541825,0.00474589736183855,0.5046857880181082,"[0.18289317190647125, 0.15588872134685516, 0.04746999219059944]","[0.5537634491920471, 0.1409313976764679, 0.04857239872217178]","[0.3813678026199341, 0.16357560455799103, 0.05050087347626686]",0.06,0.01,True,False,30000,/home/peiqi/projects-2026/Diffusion_Koopman_AVs/results/p2pobstacle_koopman_v1_s30/balanced/koopman_epoch200.pt,mean,87.36133174882075,koopman,1,0.01,False
98,koopman,koopman,48,p2p_koopman_data_048.npz,logs/p2p_rollout_50/npz/p2p_koopman_data_048.npz,6677,True,1.0,82.9875,6639,0.0041249035857617855,0.35322949290275574,0.07062608003616333,80.0,0.0125,79.96060694320119,0.012506158197502615,0.012537288632020924,0.003895697447318789,0.004508581797048483,0.5218347656807264,"[0.18736843764781952, 0.16960544884204865, 0.048347387462854385]","[0.5403014421463013, 0.15518125891685486, 0.04949335381388664]","[0.3637619614601135, 0.14040988683700562, 0.049380503594875336]",0.06,0.01,True,False,30000,/home/peiqi/projects-2026/Diffusion_Koopman_AVs/results/p2pobstacle_koopman_v1_s30/balanced/koopman_epoch200.pt,mean,83.33701649282817,koopman,1,0.01,False
99,koopman,koopman,49,p2p_koopman_data_049.npz,logs/p2p_rollout_50/npz/p2p_koopman_data_049.npz,6677,True,1.0,82.9,6632,0.0026544895954430103,0.37734895944595337,0.024116281419992447,80.0,0.0125,79.98717792934134,0.012502003769696374,0.012531354492281687,0.004374031904890607,0.005066832044045226,0.5184717816463762,"[0.1753566563129425, 0.14454345405101776, 0.052003711462020874]","[0.5526790618896484, 0.14776264131069183, 0.04888971522450447]","[0.34906309843063354, 0.12207569181919098, 0.052000001072883606]",0.06,0.01,True,False,30000,/home/peiqi/projects-2026/Diffusion_Koopman_AVs/results/p2pobstacle_koopman_v1_s30/balanced/koopman_epoch200.pt,mean,83.12128152930192,koopman,1,0.01,False
